"","lon05","lat05","country","cluster_kmeans"
"1",-6.25,36.25,"Spain",3
"2",-5.75,36.25,"Spain",3
"3",-5.25,36.25,"Spain",3
"4",-4.75,36.25,"Spain",3
"5",-6.25,36.75,"Spain",3
"6",-5.75,36.75,"Spain",3
"7",-5.25,36.75,"Spain",3
"8",-4.75,36.75,"Spain",3
"9",-4.25,36.75,"Spain",3
"10",-3.75,36.75,"Spain",3
"11",-3.25,36.75,"Spain",3
"12",-2.75,36.75,"Spain",3
"13",-2.25,36.75,"Spain",3
"14",-7.25,37.25,"Spain",3
"15",-6.75,37.25,"Spain",3
"16",-6.25,37.25,"Spain",3
"17",-5.25,37.25,"Spain",3
"18",-4.75,37.25,"Spain",3
"19",-4.25,37.25,"Spain",3
"20",-3.75,37.25,"Spain",3
"21",-3.25,37.25,"Spain",3
"22",-2.75,37.25,"Spain",3
"23",-2.25,37.25,"Spain",3
"24",-1.75,37.25,"Spain",3
"25",-7.25,37.75,"Spain",1
"26",-6.75,37.75,"Spain",1
"27",-6.25,37.75,"Spain",3
"28",-5.75,37.75,"Spain",3
"29",-5.25,37.75,"Spain",3
"30",-4.75,37.75,"Spain",3
"31",-4.25,37.75,"Spain",3
"32",-3.75,37.75,"Spain",3
"33",-3.25,37.75,"Spain",1
"34",-2.75,37.75,"Spain",1
"35",-2.25,37.75,"Spain",1
"36",-1.75,37.75,"Spain",1
"37",-1.25,37.75,"Spain",3
"38",-0.75,37.75,"Spain",3
"39",-7.25,38.25,"Spain",1
"40",-6.75,38.25,"Spain",1
"41",-6.25,38.25,"Spain",3
"42",-5.75,38.25,"Spain",3
"43",-5.25,38.25,"Spain",3
"44",-4.75,38.25,"Spain",3
"45",-4.25,38.25,"Spain",3
"46",-3.75,38.25,"Spain",3
"47",-3.25,38.25,"Spain",1
"48",-2.75,38.25,"Spain",1
"49",-2.25,38.25,"Spain",1
"50",-1.75,38.25,"Spain",1
"51",-1.25,38.25,"Spain",3
"52",-0.75,38.25,"Spain",3
"53",-7.25,38.75,"Spain",1
"54",-6.75,38.75,"Spain",1
"55",-6.25,38.75,"Spain",3
"56",-5.75,38.75,"Spain",3
"57",-5.25,38.75,"Spain",3
"58",-4.75,38.75,"Spain",3
"59",-4.25,38.75,"Spain",3
"60",-3.75,38.75,"Spain",3
"61",-3.25,38.75,"Spain",3
"62",-2.75,38.75,"Spain",3
"63",-2.25,38.75,"Spain",1
"64",-1.75,38.75,"Spain",1
"65",-1.25,38.75,"Spain",1
"66",-0.75,38.75,"Spain",1
"67",-0.25,38.75,"Spain",3
"68",0.25,38.75,"Spain",3
"69",-7.25,39.25,"Spain",1
"70",-6.75,39.25,"Spain",1
"71",-6.25,39.25,"Spain",3
"72",-5.75,39.25,"Spain",3
"73",-5.25,39.25,"Spain",3
"74",-4.75,39.25,"Spain",3
"75",-4.25,39.25,"Spain",3
"76",-3.75,39.25,"Spain",3
"77",-3.25,39.25,"Spain",3
"78",-2.75,39.25,"Spain",3
"79",-2.25,39.25,"Spain",1
"80",-1.75,39.25,"Spain",1
"81",-1.25,39.25,"Spain",1
"82",-0.75,39.25,"Spain",1
"83",-0.25,39.25,"Spain",3
"84",-7.25,39.75,"Spain",4
"85",-6.75,39.75,"Spain",4
"86",-6.25,39.75,"Spain",3
"87",-5.75,39.75,"Spain",3
"88",-5.25,39.75,"Spain",3
"89",-4.75,39.75,"Spain",3
"90",-4.25,39.75,"Spain",3
"91",-3.75,39.75,"Spain",3
"92",-3.25,39.75,"Spain",3
"93",-2.75,39.75,"Spain",3
"94",-2.25,39.75,"Spain",1
"95",-1.75,39.75,"Spain",1
"96",-1.25,39.75,"Spain",1
"97",-0.75,39.75,"Spain",1
"98",-0.25,39.75,"Spain",1
"99",-6.75,40.25,"Spain",4
"100",-6.25,40.25,"Spain",3
"101",-5.75,40.25,"Spain",3
"102",-5.25,40.25,"Spain",3
"103",-4.75,40.25,"Spain",3
"104",-4.25,40.25,"Spain",3
"105",-3.75,40.25,"Spain",3
"106",-3.25,40.25,"Spain",3
"107",-2.75,40.25,"Spain",3
"108",-2.25,40.25,"Spain",1
"109",-1.75,40.25,"Spain",1
"110",-1.25,40.25,"Spain",1
"111",-0.75,40.25,"Spain",1
"112",-0.25,40.25,"Spain",1
"113",0.25,40.25,"Spain",1
"114",-6.75,40.75,"Spain",3
"115",-6.25,40.75,"Spain",3
"116",-5.75,40.75,"Spain",3
"117",-5.25,40.75,"Spain",3
"118",-4.75,40.75,"Spain",3
"119",-4.25,40.75,"Spain",7
"120",-3.75,40.75,"Spain",7
"121",-3.25,40.75,"Spain",3
"122",-2.75,40.75,"Spain",3
"123",-2.25,40.75,"Spain",3
"124",-1.75,40.75,"Spain",3
"125",-1.25,40.75,"Spain",3
"126",-0.75,40.75,"Spain",3
"127",-0.25,40.75,"Spain",1
"128",0.25,40.75,"Spain",1
"129",0.75,40.75,"Spain",3
"130",-6.75,41.25,"Spain",3
"131",-6.25,41.25,"Spain",3
"132",-5.75,41.25,"Spain",3
"133",-5.25,41.25,"Spain",3
"134",-4.75,41.25,"Spain",3
"135",-4.25,41.25,"Spain",7
"136",-3.75,41.25,"Spain",7
"137",-3.25,41.25,"Spain",3
"138",-2.75,41.25,"Spain",3
"139",-2.25,41.25,"Spain",3
"140",-1.75,41.25,"Spain",3
"141",-1.25,41.25,"Spain",3
"142",-0.75,41.25,"Spain",3
"143",-0.25,41.25,"Spain",1
"144",0.25,41.25,"Spain",1
"145",0.75,41.25,"Spain",3
"146",1.25,41.25,"Spain",3
"147",1.75,41.25,"Spain",3
"148",2.25,41.25,"Spain",3
"149",8.75,41.25,"France",7
"150",9.25,41.25,"France",7
"151",-8.75,41.75,"Spain",4
"152",-8.25,41.75,"Spain",4
"153",-7.75,41.75,"Spain",4
"154",-7.25,41.75,"Spain",7
"155",-6.75,41.75,"Spain",7
"156",-6.25,41.75,"Spain",3
"157",-5.75,41.75,"Spain",3
"158",-5.25,41.75,"Spain",3
"159",-4.75,41.75,"Spain",3
"160",-4.25,41.75,"Spain",3
"161",-3.75,41.75,"Spain",3
"162",-3.25,41.75,"Spain",7
"163",-2.75,41.75,"Spain",7
"164",-2.25,41.75,"Spain",3
"165",-1.75,41.75,"Spain",3
"166",-1.25,41.75,"Spain",3
"167",-0.75,41.75,"Spain",3
"168",-0.25,41.75,"Spain",3
"169",0.25,41.75,"Spain",3
"170",0.75,41.75,"Spain",1
"171",1.25,41.75,"Spain",1
"172",1.75,41.75,"Spain",1
"173",2.25,41.75,"Spain",1
"174",2.75,41.75,"Spain",3
"175",3.25,41.75,"Spain",3
"176",8.75,41.75,"France",7
"177",9.25,41.75,"France",7
"178",-8.75,42.25,"Spain",4
"179",-8.25,42.25,"Spain",4
"180",-7.75,42.25,"Spain",4
"181",-7.25,42.25,"Spain",7
"182",-6.75,42.25,"Spain",7
"183",-6.25,42.25,"Spain",3
"184",-5.75,42.25,"Spain",3
"185",-5.25,42.25,"Spain",3
"186",-4.75,42.25,"Spain",3
"187",-4.25,42.25,"Spain",3
"188",-3.75,42.25,"Spain",3
"189",-3.25,42.25,"Spain",7
"190",-2.75,42.25,"Spain",7
"191",-2.25,42.25,"Spain",3
"192",-1.75,42.25,"Spain",3
"193",-1.25,42.25,"Spain",3
"194",-0.75,42.25,"Spain",3
"195",-0.25,42.25,"Spain",3
"196",0.25,42.25,"Spain",3
"197",0.75,42.25,"Spain",1
"198",1.25,42.25,"Spain",1
"199",1.75,42.25,"France",4
"200",2.25,42.25,"France",4
"201",2.75,42.25,"France",3
"202",3.25,42.25,"France",3
"203",8.75,42.25,"France",7
"204",9.25,42.25,"France",7
"205",9.75,42.25,"France",7
"206",-9.25,42.75,"Spain",4
"207",-8.75,42.75,"Spain",4
"208",-8.25,42.75,"Spain",4
"209",-7.75,42.75,"Spain",4
"210",-7.25,42.75,"Spain",7
"211",-6.75,42.75,"Spain",7
"212",-6.25,42.75,"Spain",3
"213",-5.75,42.75,"Spain",3
"214",-5.25,42.75,"Spain",3
"215",-4.75,42.75,"Spain",3
"216",-4.25,42.75,"Spain",3
"217",-3.75,42.75,"Spain",3
"218",-3.25,42.75,"Spain",7
"219",-2.75,42.75,"Spain",7
"220",-2.25,42.75,"Spain",7
"221",-1.25,42.75,"Spain",1
"222",-0.75,42.75,"France",7
"223",-0.25,42.75,"France",7
"224",0.25,42.75,"France",7
"225",0.75,42.75,"France",7
"226",1.25,42.75,"France",7
"227",1.75,42.75,"France",1
"228",2.25,42.75,"France",1
"229",2.75,42.75,"France",7
"230",3.25,42.75,"France",7
"231",8.75,42.75,"France",4
"232",9.25,42.75,"France",4
"233",-9.25,43.25,"Spain",4
"234",-8.75,43.25,"Spain",4
"235",-8.25,43.25,"Spain",4
"236",-7.75,43.25,"Spain",4
"237",-7.25,43.25,"Spain",7
"238",-6.75,43.25,"Spain",7
"239",-5.75,43.25,"Spain",3
"240",-5.25,43.25,"Spain",3
"241",-4.75,43.25,"Spain",3
"242",-4.25,43.25,"Spain",3
"243",-3.75,43.25,"Spain",3
"244",-3.25,43.25,"Spain",7
"245",-2.75,43.25,"Spain",7
"246",-2.25,43.25,"Spain",7
"247",-1.75,43.25,"France",7
"248",-1.25,43.25,"France",7
"249",-0.75,43.25,"France",7
"250",-0.25,43.25,"France",7
"251",0.25,43.25,"France",7
"252",0.75,43.25,"France",7
"253",1.25,43.25,"France",7
"254",1.75,43.25,"France",1
"255",2.25,43.25,"France",1
"256",2.75,43.25,"France",7
"257",3.25,43.25,"France",7
"258",3.75,43.25,"France",3
"259",4.25,43.25,"France",3
"260",4.75,43.25,"France",3
"261",5.25,43.25,"France",3
"262",5.75,43.25,"France",3
"263",6.25,43.25,"France",3
"264",6.75,43.25,"France",1
"265",-8.25,43.75,"Spain",4
"266",-7.75,43.75,"Spain",4
"267",-7.25,43.75,"Spain",4
"268",-1.75,43.75,"France",4
"269",-1.25,43.75,"France",4
"270",-0.75,43.75,"France",4
"271",-0.25,43.75,"France",4
"272",0.25,43.75,"France",4
"273",0.75,43.75,"France",7
"274",1.25,43.75,"France",7
"275",1.75,43.75,"France",7
"276",2.25,43.75,"France",7
"277",2.75,43.75,"France",7
"278",3.25,43.75,"France",7
"279",3.75,43.75,"France",7
"280",4.25,43.75,"France",7
"281",4.75,43.75,"France",3
"282",5.25,43.75,"France",3
"283",5.75,43.75,"France",3
"284",6.25,43.75,"France",3
"285",6.75,43.75,"France",4
"286",7.25,43.75,"France",4
"287",7.75,43.75,"France",1
"288",-1.25,44.25,"France",4
"289",-0.75,44.25,"France",4
"290",-0.25,44.25,"France",4
"291",0.25,44.25,"France",4
"292",0.75,44.25,"France",7
"293",1.25,44.25,"France",7
"294",1.75,44.25,"France",7
"295",2.25,44.25,"France",7
"296",2.75,44.25,"France",7
"297",3.25,44.25,"France",7
"298",3.75,44.25,"France",7
"299",4.25,44.25,"France",7
"300",4.75,44.25,"France",3
"301",5.25,44.25,"France",3
"302",5.75,44.25,"France",3
"303",6.25,44.25,"France",3
"304",6.75,44.25,"France",4
"305",7.25,44.25,"France",4
"306",7.75,44.25,"France",1
"307",-1.25,44.75,"France",4
"308",-0.75,44.75,"France",4
"309",-0.25,44.75,"France",3
"310",0.25,44.75,"France",3
"311",0.75,44.75,"France",7
"312",1.25,44.75,"France",7
"313",1.75,44.75,"France",7
"314",2.25,44.75,"France",7
"315",2.75,44.75,"France",7
"316",3.25,44.75,"France",7
"317",3.75,44.75,"France",7
"318",4.25,44.75,"France",7
"319",4.75,44.75,"France",7
"320",5.25,44.75,"France",7
"321",5.75,44.75,"France",7
"322",6.25,44.75,"France",7
"323",6.75,44.75,"France",1
"324",-1.25,45.25,"France",4
"325",-0.75,45.25,"France",4
"326",-0.25,45.25,"France",3
"327",0.25,45.25,"France",3
"328",0.75,45.25,"France",7
"329",1.25,45.25,"France",7
"330",1.75,45.25,"France",7
"331",2.25,45.25,"France",7
"332",2.75,45.25,"France",7
"333",3.25,45.25,"France",7
"334",3.75,45.25,"France",7
"335",4.25,45.25,"France",7
"336",4.75,45.25,"France",7
"337",5.25,45.25,"France",7
"338",5.75,45.25,"France",7
"339",6.25,45.25,"France",7
"340",6.75,45.25,"France",1
"341",7.25,45.25,"France",1
"342",-1.25,45.75,"France",4
"343",-0.75,45.75,"France",4
"344",-0.25,45.75,"France",1
"345",0.25,45.75,"France",1
"346",0.75,45.75,"France",7
"347",1.25,45.75,"France",7
"348",1.75,45.75,"France",7
"349",2.25,45.75,"France",7
"350",2.75,45.75,"France",7
"351",3.25,45.75,"France",7
"352",3.75,45.75,"France",7
"353",4.25,45.75,"France",7
"354",4.75,45.75,"France",7
"355",5.25,45.75,"France",7
"356",5.75,45.75,"France",7
"357",6.25,45.75,"France",7
"358",6.75,45.75,"France",7
"359",7.25,45.75,"Switzerland",1
"360",7.75,45.75,"Switzerland",1
"361",8.75,45.75,"Switzerland",7
"362",9.25,45.75,"Switzerland",7
"363",-1.75,46.25,"France",4
"364",-1.25,46.25,"France",4
"365",-0.75,46.25,"France",4
"366",-0.25,46.25,"France",1
"367",0.25,46.25,"France",1
"368",0.75,46.25,"France",7
"369",1.25,46.25,"France",7
"370",1.75,46.25,"France",7
"371",2.25,46.25,"France",7
"372",2.75,46.25,"France",7
"373",3.25,46.25,"France",7
"374",3.75,46.25,"France",7
"375",4.25,46.25,"France",7
"376",4.75,46.25,"France",7
"377",5.25,46.25,"France",7
"378",5.75,46.25,"France",7
"379",6.25,46.25,"France",7
"380",6.75,46.25,"France",7
"381",7.25,46.25,"Switzerland",1
"382",7.75,46.25,"Switzerland",1
"383",8.25,46.25,"Switzerland",1
"384",8.75,46.25,"Switzerland",7
"385",9.25,46.25,"Switzerland",7
"386",9.75,46.25,"Switzerland",1
"387",10.25,46.25,"Switzerland",1
"388",-2.25,46.75,"France",7
"389",-1.75,46.75,"France",7
"390",-1.25,46.75,"France",7
"391",-0.75,46.75,"France",7
"392",-0.25,46.75,"France",7
"393",0.25,46.75,"France",7
"394",0.75,46.75,"France",7
"395",1.25,46.75,"France",7
"396",1.75,46.75,"France",7
"397",2.25,46.75,"France",7
"398",2.75,46.75,"France",7
"399",3.25,46.75,"France",7
"400",3.75,46.75,"France",7
"401",4.25,46.75,"France",7
"402",4.75,46.75,"France",7
"403",5.25,46.75,"France",7
"404",5.75,46.75,"France",7
"405",6.25,46.75,"France",7
"406",6.75,46.75,"France",7
"407",7.25,46.75,"Switzerland",7
"408",7.75,46.75,"Switzerland",7
"409",8.25,46.75,"Switzerland",7
"410",8.75,46.75,"Switzerland",7
"411",9.25,46.75,"Switzerland",7
"412",9.75,46.75,"Switzerland",7
"413",10.25,46.75,"Switzerland",7
"414",-2.25,47.25,"France",7
"415",-1.75,47.25,"France",7
"416",-1.25,47.25,"France",7
"417",-0.75,47.25,"France",7
"418",-0.25,47.25,"France",7
"419",0.25,47.25,"France",7
"420",0.75,47.25,"France",7
"421",1.25,47.25,"France",7
"422",1.75,47.25,"France",7
"423",2.25,47.25,"France",7
"424",2.75,47.25,"France",7
"425",3.25,47.25,"France",7
"426",3.75,47.25,"France",7
"427",4.25,47.25,"France",7
"428",4.75,47.25,"France",7
"429",5.25,47.25,"France",7
"430",5.75,47.25,"France",7
"431",6.25,47.25,"France",7
"432",6.75,47.25,"France",7
"433",7.25,47.25,"France",7
"434",7.75,47.25,"Switzerland",7
"435",8.25,47.25,"Switzerland",7
"436",8.75,47.25,"Switzerland",7
"437",9.25,47.25,"Switzerland",7
"438",9.75,47.25,"Switzerland",7
"439",10.25,47.25,"Germany",7
"440",10.75,47.25,"Germany",7
"441",11.25,47.25,"Germany",7
"442",13.25,47.25,"Germany",7
"443",-4.25,47.75,"France",7
"444",-3.75,47.75,"France",7
"445",-3.25,47.75,"France",7
"446",-2.75,47.75,"France",7
"447",-2.25,47.75,"France",7
"448",-1.75,47.75,"France",7
"449",-1.25,47.75,"France",7
"450",-0.75,47.75,"France",7
"451",-0.25,47.75,"France",7
"452",0.25,47.75,"France",7
"453",0.75,47.75,"France",7
"454",1.25,47.75,"France",7
"455",1.75,47.75,"France",7
"456",2.25,47.75,"France",7
"457",2.75,47.75,"France",7
"458",3.25,47.75,"France",7
"459",3.75,47.75,"France",7
"460",4.25,47.75,"France",7
"461",4.75,47.75,"France",7
"462",5.25,47.75,"France",7
"463",5.75,47.75,"France",7
"464",6.25,47.75,"France",7
"465",6.75,47.75,"France",7
"466",7.25,47.75,"France",7
"467",7.75,47.75,"France",7
"468",8.25,47.75,"Germany",7
"469",8.75,47.75,"Germany",7
"470",9.25,47.75,"Germany",7
"471",9.75,47.75,"Germany",7
"472",10.25,47.75,"Germany",7
"473",10.75,47.75,"Germany",7
"474",11.25,47.75,"Germany",7
"475",11.75,47.75,"Germany",7
"476",12.25,47.75,"Germany",7
"477",12.75,47.75,"Germany",7
"478",13.25,47.75,"Germany",7
"479",-4.75,48.25,"France",7
"480",-4.25,48.25,"France",7
"481",-3.75,48.25,"France",7
"482",-3.25,48.25,"France",7
"483",-2.75,48.25,"France",7
"484",-2.25,48.25,"France",7
"485",-1.75,48.25,"France",7
"486",-1.25,48.25,"France",7
"487",-0.75,48.25,"France",7
"488",-0.25,48.25,"France",7
"489",0.25,48.25,"France",7
"490",0.75,48.25,"France",7
"491",1.25,48.25,"France",7
"492",1.75,48.25,"France",7
"493",2.25,48.25,"France",7
"494",2.75,48.25,"France",7
"495",3.25,48.25,"France",7
"496",3.75,48.25,"France",7
"497",4.25,48.25,"France",7
"498",4.75,48.25,"France",7
"499",5.25,48.25,"France",7
"500",5.75,48.25,"France",7
"501",6.25,48.25,"France",7
"502",6.75,48.25,"France",7
"503",7.25,48.25,"France",7
"504",7.75,48.25,"France",7
"505",8.25,48.25,"Germany",7
"506",8.75,48.25,"Germany",7
"507",9.25,48.25,"Germany",7
"508",9.75,48.25,"Germany",7
"509",10.25,48.25,"Germany",7
"510",10.75,48.25,"Germany",7
"511",11.25,48.25,"Germany",7
"512",11.75,48.25,"Germany",7
"513",12.25,48.25,"Germany",7
"514",12.75,48.25,"Germany",7
"515",13.25,48.25,"Germany",7
"516",-4.75,48.75,"France",7
"517",-4.25,48.75,"France",7
"518",-3.75,48.75,"France",7
"519",-3.25,48.75,"France",7
"520",-2.75,48.75,"France",7
"521",-2.25,48.75,"France",4
"522",-1.75,48.75,"France",4
"523",-1.25,48.75,"France",7
"524",-0.75,48.75,"France",7
"525",-0.25,48.75,"France",7
"526",0.25,48.75,"France",7
"527",0.75,48.75,"France",7
"528",1.25,48.75,"France",7
"529",1.75,48.75,"France",7
"530",2.25,48.75,"France",7
"531",2.75,48.75,"France",7
"532",3.25,48.75,"France",7
"533",3.75,48.75,"France",7
"534",4.25,48.75,"France",7
"535",4.75,48.75,"France",7
"536",5.25,48.75,"France",7
"537",5.75,48.75,"France",7
"538",6.25,48.75,"France",7
"539",6.75,48.75,"France",7
"540",7.25,48.75,"France",7
"541",7.75,48.75,"France",7
"542",8.25,48.75,"France",7
"543",8.75,48.75,"Germany",7
"544",9.25,48.75,"Germany",7
"545",9.75,48.75,"Germany",7
"546",10.25,48.75,"Germany",7
"547",10.75,48.75,"Germany",7
"548",11.25,48.75,"Germany",7
"549",11.75,48.75,"Germany",7
"550",12.25,48.75,"Germany",7
"551",12.75,48.75,"Germany",7
"552",13.25,48.75,"Germany",7
"553",13.75,48.75,"Czechia",5
"554",14.25,48.75,"Czechia",5
"555",14.75,48.75,"Czechia",5
"556",15.75,48.75,"Czechia",5
"557",16.25,48.75,"Czechia",5
"558",16.75,48.75,"Czechia",5
"559",17.25,48.75,"Czechia",5
"560",17.75,48.75,"Czechia",5
"561",-1.75,49.25,"France",4
"562",-1.25,49.25,"France",7
"563",-0.75,49.25,"France",7
"564",-0.25,49.25,"France",7
"565",0.25,49.25,"France",7
"566",0.75,49.25,"France",7
"567",1.25,49.25,"France",7
"568",1.75,49.25,"France",7
"569",2.25,49.25,"France",7
"570",2.75,49.25,"France",7
"571",3.25,49.25,"France",7
"572",3.75,49.25,"France",7
"573",4.25,49.25,"France",7
"574",4.75,49.25,"France",7
"575",5.25,49.25,"France",7
"576",5.75,49.25,"France",7
"577",6.25,49.25,"France",7
"578",6.75,49.25,"France",7
"579",7.25,49.25,"France",7
"580",7.75,49.25,"France",7
"581",8.25,49.25,"France",7
"582",8.75,49.25,"Germany",7
"583",9.25,49.25,"Germany",7
"584",9.75,49.25,"Germany",7
"585",10.25,49.25,"Germany",7
"586",10.75,49.25,"Germany",7
"587",11.25,49.25,"Germany",7
"588",11.75,49.25,"Germany",7
"589",12.25,49.25,"Germany",7
"590",12.75,49.25,"Czechia",5
"591",13.25,49.25,"Czechia",5
"592",13.75,49.25,"Czechia",5
"593",14.25,49.25,"Czechia",5
"594",14.75,49.25,"Czechia",5
"595",15.25,49.25,"Czechia",5
"596",15.75,49.25,"Czechia",5
"597",16.25,49.25,"Czechia",5
"598",16.75,49.25,"Czechia",5
"599",17.25,49.25,"Czechia",5
"600",17.75,49.25,"Czechia",5
"601",18.25,49.25,"Czechia",5
"602",18.75,49.25,"Czechia",5
"603",19.25,49.25,"Poland",5
"604",19.75,49.25,"Poland",5
"605",20.25,49.25,"Poland",5
"606",20.75,49.25,"Poland",7
"607",21.25,49.25,"Poland",7
"608",21.75,49.25,"Poland",7
"609",22.25,49.25,"Poland",7
"610",22.75,49.25,"Poland",7
"611",-1.75,49.75,"France",7
"612",-1.25,49.75,"France",7
"613",0.25,49.75,"France",7
"614",0.75,49.75,"France",7
"615",1.25,49.75,"France",7
"616",1.75,49.75,"France",7
"617",2.25,49.75,"France",7
"618",2.75,49.75,"France",7
"619",3.25,49.75,"France",7
"620",3.75,49.75,"France",7
"621",4.25,49.75,"Belgium",7
"622",4.75,49.75,"Belgium",7
"623",5.25,49.75,"Belgium",7
"624",5.75,49.75,"Belgium",7
"625",6.25,49.75,"Germany",7
"626",6.75,49.75,"Germany",7
"627",7.25,49.75,"Germany",7
"628",7.75,49.75,"Germany",7
"629",8.25,49.75,"Germany",7
"630",8.75,49.75,"Germany",7
"631",9.25,49.75,"Germany",7
"632",9.75,49.75,"Germany",7
"633",10.25,49.75,"Germany",7
"634",10.75,49.75,"Germany",7
"635",11.25,49.75,"Germany",7
"636",11.75,49.75,"Germany",7
"637",12.25,49.75,"Czechia",5
"638",12.75,49.75,"Czechia",5
"639",13.25,49.75,"Czechia",5
"640",13.75,49.75,"Czechia",5
"641",14.25,49.75,"Czechia",5
"642",14.75,49.75,"Czechia",5
"643",15.25,49.75,"Czechia",5
"644",15.75,49.75,"Czechia",5
"645",16.25,49.75,"Czechia",5
"646",16.75,49.75,"Czechia",5
"647",17.25,49.75,"Czechia",5
"648",17.75,49.75,"Czechia",5
"649",18.25,49.75,"Czechia",5
"650",18.75,49.75,"Czechia",5
"651",19.25,49.75,"Poland",5
"652",19.75,49.75,"Poland",5
"653",20.25,49.75,"Poland",5
"654",20.75,49.75,"Poland",5
"655",21.25,49.75,"Poland",5
"656",21.75,49.75,"Poland",5
"657",22.25,49.75,"Poland",5
"658",22.75,49.75,"Poland",5
"659",23.25,49.75,"Poland",5
"660",1.25,50.25,"France",7
"661",1.75,50.25,"France",7
"662",2.25,50.25,"France",7
"663",2.75,50.25,"France",7
"664",3.25,50.25,"Belgium",7
"665",3.75,50.25,"Belgium",7
"666",4.25,50.25,"Belgium",7
"667",4.75,50.25,"Belgium",7
"668",5.25,50.25,"Belgium",7
"669",5.75,50.25,"Belgium",7
"670",6.25,50.25,"Belgium",7
"671",6.75,50.25,"Germany",7
"672",7.25,50.25,"Germany",7
"673",7.75,50.25,"Germany",7
"674",8.25,50.25,"Germany",7
"675",8.75,50.25,"Germany",7
"676",9.25,50.25,"Germany",7
"677",9.75,50.25,"Germany",7
"678",10.25,50.25,"Germany",7
"679",10.75,50.25,"Germany",7
"680",11.25,50.25,"Germany",7
"681",11.75,50.25,"Germany",7
"682",12.25,50.25,"Czechia",5
"683",12.75,50.25,"Czechia",5
"684",13.25,50.25,"Czechia",5
"685",13.75,50.25,"Czechia",5
"686",14.25,50.25,"Czechia",5
"687",14.75,50.25,"Czechia",5
"688",15.25,50.25,"Czechia",5
"689",15.75,50.25,"Czechia",5
"690",16.25,50.25,"Czechia",5
"691",16.75,50.25,"Czechia",5
"692",17.25,50.25,"Czechia",5
"693",17.75,50.25,"Czechia",5
"694",18.25,50.25,"Poland",5
"695",18.75,50.25,"Poland",5
"696",19.25,50.25,"Poland",5
"697",19.75,50.25,"Poland",5
"698",20.25,50.25,"Poland",5
"699",20.75,50.25,"Poland",5
"700",21.25,50.25,"Poland",5
"701",21.75,50.25,"Poland",5
"702",22.25,50.25,"Poland",5
"703",22.75,50.25,"Poland",5
"704",23.25,50.25,"Poland",5
"705",23.75,50.25,"Poland",7
"706",1.75,50.75,"France",4
"707",2.25,50.75,"France",4
"708",2.75,50.75,"France",4
"709",3.25,50.75,"Belgium",7
"710",3.75,50.75,"Belgium",7
"711",4.25,50.75,"Belgium",7
"712",4.75,50.75,"Belgium",7
"713",5.25,50.75,"Belgium",7
"714",5.75,50.75,"Belgium",7
"715",6.25,50.75,"Belgium",7
"716",6.75,50.75,"Germany",7
"717",7.25,50.75,"Germany",7
"718",7.75,50.75,"Germany",4
"719",8.25,50.75,"Germany",4
"720",8.75,50.75,"Germany",7
"721",9.25,50.75,"Germany",7
"722",9.75,50.75,"Germany",7
"723",10.25,50.75,"Germany",7
"724",10.75,50.75,"Germany",7
"725",11.25,50.75,"Germany",7
"726",11.75,50.75,"Germany",7
"727",12.25,50.75,"Germany",7
"728",12.75,50.75,"Germany",7
"729",13.25,50.75,"Czechia",5
"730",13.75,50.75,"Czechia",5
"731",14.25,50.75,"Czechia",5
"732",14.75,50.75,"Czechia",5
"733",15.25,50.75,"Czechia",5
"734",15.75,50.75,"Czechia",5
"735",16.25,50.75,"Czechia",5
"736",16.75,50.75,"Poland",5
"737",17.25,50.75,"Poland",5
"738",17.75,50.75,"Poland",5
"739",18.25,50.75,"Poland",5
"740",18.75,50.75,"Poland",5
"741",19.25,50.75,"Poland",5
"742",19.75,50.75,"Poland",5
"743",20.25,50.75,"Poland",5
"744",20.75,50.75,"Poland",5
"745",21.25,50.75,"Poland",5
"746",21.75,50.75,"Poland",5
"747",22.25,50.75,"Poland",5
"748",22.75,50.75,"Poland",5
"749",23.25,50.75,"Poland",5
"750",23.75,50.75,"Poland",5
"751",24.25,50.75,"Poland",5
"752",2.25,51.25,"France",4
"753",4.25,51.25,"Netherlands",7
"754",4.75,51.25,"Netherlands",7
"755",5.25,51.25,"Netherlands",7
"756",5.75,51.25,"Netherlands",7
"757",6.25,51.25,"Germany",7
"758",6.75,51.25,"Germany",7
"759",7.25,51.25,"Germany",7
"760",7.75,51.25,"Germany",4
"761",8.25,51.25,"Germany",4
"762",8.75,51.25,"Germany",7
"763",9.25,51.25,"Germany",7
"764",9.75,51.25,"Germany",7
"765",10.25,51.25,"Germany",7
"766",10.75,51.25,"Germany",7
"767",11.25,51.25,"Germany",7
"768",11.75,51.25,"Germany",7
"769",12.25,51.25,"Germany",7
"770",12.75,51.25,"Germany",7
"771",13.25,51.25,"Germany",7
"772",13.75,51.25,"Germany",7
"773",14.25,51.25,"Germany",7
"774",14.75,51.25,"Germany",7
"775",15.25,51.25,"Germany",7
"776",15.75,51.25,"Poland",5
"777",16.25,51.25,"Poland",5
"778",16.75,51.25,"Poland",5
"779",17.25,51.25,"Poland",5
"780",17.75,51.25,"Poland",5
"781",18.25,51.25,"Poland",5
"782",18.75,51.25,"Poland",5
"783",19.25,51.25,"Poland",5
"784",19.75,51.25,"Poland",5
"785",20.25,51.25,"Poland",5
"786",20.75,51.25,"Poland",5
"787",21.25,51.25,"Poland",5
"788",21.75,51.25,"Poland",5
"789",22.25,51.25,"Poland",5
"790",22.75,51.25,"Poland",5
"791",23.25,51.25,"Poland",5
"792",23.75,51.25,"Poland",5
"793",3.75,51.75,"Netherlands",7
"794",4.25,51.75,"Netherlands",7
"795",4.75,51.75,"Netherlands",7
"796",5.25,51.75,"Netherlands",7
"797",5.75,51.75,"Netherlands",7
"798",6.25,51.75,"Germany",4
"799",6.75,51.75,"Germany",7
"800",7.25,51.75,"Germany",7
"801",7.75,51.75,"Germany",7
"802",8.25,51.75,"Germany",7
"803",8.75,51.75,"Germany",7
"804",9.25,51.75,"Germany",7
"805",9.75,51.75,"Germany",7
"806",10.25,51.75,"Germany",7
"807",10.75,51.75,"Germany",7
"808",11.25,51.75,"Germany",7
"809",11.75,51.75,"Germany",7
"810",12.25,51.75,"Germany",7
"811",12.75,51.75,"Germany",7
"812",13.25,51.75,"Germany",7
"813",13.75,51.75,"Germany",7
"814",14.25,51.75,"Germany",7
"815",14.75,51.75,"Germany",7
"816",15.25,51.75,"Poland",5
"817",15.75,51.75,"Poland",5
"818",16.25,51.75,"Poland",5
"819",16.75,51.75,"Poland",5
"820",17.25,51.75,"Poland",5
"821",17.75,51.75,"Poland",5
"822",18.25,51.75,"Poland",5
"823",18.75,51.75,"Poland",5
"824",19.25,51.75,"Poland",5
"825",19.75,51.75,"Poland",5
"826",20.25,51.75,"Poland",5
"827",20.75,51.75,"Poland",5
"828",21.25,51.75,"Poland",5
"829",21.75,51.75,"Poland",5
"830",22.25,51.75,"Poland",5
"831",22.75,51.75,"Poland",5
"832",23.25,51.75,"Poland",5
"833",23.75,51.75,"Poland",5
"834",4.25,52.25,"Netherlands",7
"835",4.75,52.25,"Netherlands",7
"836",5.25,52.25,"Netherlands",7
"837",5.75,52.25,"Netherlands",7
"838",6.25,52.25,"Netherlands",7
"839",6.75,52.25,"Germany",7
"840",7.25,52.25,"Germany",7
"841",7.75,52.25,"Germany",7
"842",8.25,52.25,"Germany",7
"843",8.75,52.25,"Germany",7
"844",9.25,52.25,"Germany",7
"845",9.75,52.25,"Germany",7
"846",10.25,52.25,"Germany",7
"847",10.75,52.25,"Germany",7
"848",11.25,52.25,"Germany",7
"849",11.75,52.25,"Germany",7
"850",12.25,52.25,"Germany",7
"851",12.75,52.25,"Germany",7
"852",13.25,52.25,"Germany",7
"853",13.75,52.25,"Germany",7
"854",14.25,52.25,"Germany",7
"855",14.75,52.25,"Germany",7
"856",15.25,52.25,"Poland",5
"857",15.75,52.25,"Poland",5
"858",16.25,52.25,"Poland",5
"859",16.75,52.25,"Poland",5
"860",17.25,52.25,"Poland",5
"861",17.75,52.25,"Poland",5
"862",18.25,52.25,"Poland",5
"863",18.75,52.25,"Poland",5
"864",19.25,52.25,"Poland",5
"865",19.75,52.25,"Poland",5
"866",20.25,52.25,"Poland",5
"867",20.75,52.25,"Poland",5
"868",21.25,52.25,"Poland",5
"869",21.75,52.25,"Poland",5
"870",22.25,52.25,"Poland",5
"871",22.75,52.25,"Poland",5
"872",23.25,52.25,"Poland",5
"873",4.75,52.75,"Netherlands",7
"874",5.25,52.75,"Netherlands",7
"875",5.75,52.75,"Netherlands",7
"876",6.25,52.75,"Netherlands",7
"877",6.75,52.75,"Germany",7
"878",7.25,52.75,"Germany",7
"879",7.75,52.75,"Germany",7
"880",8.25,52.75,"Germany",7
"881",8.75,52.75,"Germany",7
"882",9.25,52.75,"Germany",7
"883",9.75,52.75,"Germany",7
"884",10.25,52.75,"Germany",7
"885",10.75,52.75,"Germany",7
"886",11.25,52.75,"Germany",7
"887",11.75,52.75,"Germany",7
"888",12.25,52.75,"Germany",7
"889",12.75,52.75,"Germany",7
"890",13.25,52.75,"Germany",7
"891",13.75,52.75,"Germany",7
"892",14.25,52.75,"Germany",7
"893",14.75,52.75,"Poland",5
"894",15.25,52.75,"Poland",5
"895",15.75,52.75,"Poland",5
"896",16.25,52.75,"Poland",5
"897",16.75,52.75,"Poland",5
"898",17.25,52.75,"Poland",5
"899",17.75,52.75,"Poland",5
"900",18.25,52.75,"Poland",5
"901",18.75,52.75,"Poland",5
"902",19.25,52.75,"Poland",5
"903",19.75,52.75,"Poland",5
"904",20.25,52.75,"Poland",5
"905",20.75,52.75,"Poland",5
"906",21.25,52.75,"Poland",5
"907",21.75,52.75,"Poland",5
"908",22.25,52.75,"Poland",5
"909",22.75,52.75,"Poland",5
"910",23.25,52.75,"Poland",5
"911",23.75,52.75,"Poland",5
"912",4.75,53.25,"Netherlands",7
"913",5.25,53.25,"Netherlands",7
"914",5.75,53.25,"Netherlands",7
"915",6.25,53.25,"Netherlands",7
"916",6.75,53.25,"Netherlands",7
"917",7.25,53.25,"Germany",7
"918",7.75,53.25,"Germany",7
"919",8.25,53.25,"Germany",7
"920",8.75,53.25,"Germany",7
"921",9.25,53.25,"Germany",7
"922",9.75,53.25,"Germany",7
"923",10.25,53.25,"Germany",7
"924",10.75,53.25,"Germany",7
"925",11.25,53.25,"Germany",7
"926",11.75,53.25,"Germany",7
"927",12.25,53.25,"Germany",7
"928",12.75,53.25,"Germany",7
"929",13.25,53.25,"Germany",7
"930",13.75,53.25,"Germany",7
"931",14.25,53.25,"Germany",7
"932",14.75,53.25,"Poland",5
"933",15.25,53.25,"Poland",5
"934",15.75,53.25,"Poland",5
"935",16.25,53.25,"Poland",5
"936",16.75,53.25,"Poland",5
"937",17.25,53.25,"Poland",5
"938",17.75,53.25,"Poland",5
"939",18.25,53.25,"Poland",5
"940",18.75,53.25,"Poland",5
"941",19.25,53.25,"Poland",5
"942",19.75,53.25,"Poland",5
"943",20.25,53.25,"Poland",5
"944",20.75,53.25,"Poland",5
"945",21.25,53.25,"Poland",5
"946",21.75,53.25,"Poland",5
"947",22.25,53.25,"Poland",5
"948",22.75,53.25,"Poland",5
"949",23.25,53.25,"Poland",5
"950",23.75,53.25,"Poland",5
"951",6.75,53.75,"Germany",7
"952",7.25,53.75,"Germany",7
"953",7.75,53.75,"Germany",7
"954",8.75,53.75,"Germany",7
"955",9.25,53.75,"Germany",7
"956",9.75,53.75,"Germany",7
"957",10.25,53.75,"Germany",7
"958",10.75,53.75,"Germany",7
"959",11.25,53.75,"Germany",7
"960",11.75,53.75,"Germany",7
"961",12.25,53.75,"Germany",7
"962",12.75,53.75,"Germany",7
"963",13.25,53.75,"Germany",7
"964",13.75,53.75,"Germany",7
"965",14.25,53.75,"Germany",7
"966",14.75,53.75,"Poland",5
"967",15.25,53.75,"Poland",5
"968",15.75,53.75,"Poland",5
"969",16.25,53.75,"Poland",5
"970",16.75,53.75,"Poland",5
"971",17.25,53.75,"Poland",5
"972",17.75,53.75,"Poland",5
"973",18.25,53.75,"Poland",5
"974",18.75,53.75,"Poland",5
"975",19.25,53.75,"Poland",5
"976",19.75,53.75,"Poland",5
"977",20.25,53.75,"Poland",5
"978",20.75,53.75,"Poland",5
"979",21.25,53.75,"Poland",5
"980",21.75,53.75,"Poland",5
"981",22.25,53.75,"Poland",5
"982",22.75,53.75,"Poland",5
"983",23.25,53.75,"Poland",5
"984",23.75,53.75,"Poland",5
"985",8.75,54.25,"Germany",7
"986",9.25,54.25,"Germany",7
"987",9.75,54.25,"Germany",7
"988",10.25,54.25,"Germany",7
"989",10.75,54.25,"Germany",7
"990",11.25,54.25,"Germany",7
"991",11.75,54.25,"Germany",7
"992",12.25,54.25,"Germany",7
"993",12.75,54.25,"Germany",7
"994",13.25,54.25,"Germany",7
"995",13.75,54.25,"Germany",7
"996",14.25,54.25,"Germany",7
"997",14.75,54.25,"Poland",5
"998",15.25,54.25,"Poland",5
"999",15.75,54.25,"Poland",5
"1000",16.25,54.25,"Poland",5
"1001",16.75,54.25,"Poland",5
"1002",17.25,54.25,"Poland",5
"1003",17.75,54.25,"Poland",5
"1004",18.25,54.25,"Poland",5
"1005",18.75,54.25,"Poland",5
"1006",19.25,54.25,"Poland",5
"1007",19.75,54.25,"Poland",5
"1008",20.25,54.25,"Poland",5
"1009",20.75,54.25,"Poland",5
"1010",21.25,54.25,"Poland",5
"1011",21.75,54.25,"Poland",5
"1012",22.25,54.25,"Poland",5
"1013",22.75,54.25,"Poland",5
"1014",23.25,54.25,"Poland",5
"1015",23.75,54.25,"Poland",5
"1016",8.25,54.75,"Germany",7
"1017",8.75,54.75,"Germany",7
"1018",9.25,54.75,"Germany",7
"1019",9.75,54.75,"Germany",7
"1020",10.25,54.75,"Germany",7
"1021",13.25,54.75,"Germany",7
"1022",13.75,54.75,"Germany",7
"1023",16.75,54.75,"Poland",5
"1024",17.25,54.75,"Poland",5
"1025",17.75,54.75,"Poland",5
"1026",18.25,54.75,"Poland",5
"1027",18.75,54.75,"Poland",5
"1028",13.25,55.25,"Sweden",4
"1029",13.75,55.25,"Sweden",4
"1030",13.25,55.75,"Sweden",4
"1031",13.75,55.75,"Sweden",4
"1032",14.25,55.75,"Sweden",4
"1033",12.75,56.25,"Sweden",4
"1034",13.25,56.25,"Sweden",4
"1035",13.75,56.25,"Sweden",4
"1036",14.25,56.25,"Sweden",4
"1037",14.75,56.25,"Sweden",7
"1038",15.25,56.25,"Sweden",7
"1039",15.75,56.25,"Sweden",7
"1040",16.25,56.25,"Sweden",7
"1041",12.75,56.75,"Sweden",4
"1042",13.25,56.75,"Sweden",4
"1043",13.75,56.75,"Sweden",4
"1044",14.25,56.75,"Sweden",4
"1045",14.75,56.75,"Sweden",4
"1046",15.25,56.75,"Sweden",4
"1047",15.75,56.75,"Sweden",7
"1048",16.25,56.75,"Sweden",7
"1049",16.75,56.75,"Sweden",7
"1050",11.75,57.25,"Sweden",7
"1051",12.25,57.25,"Sweden",7
"1052",12.75,57.25,"Sweden",4
"1053",13.25,57.25,"Sweden",4
"1054",13.75,57.25,"Sweden",4
"1055",14.25,57.25,"Sweden",4
"1056",14.75,57.25,"Sweden",4
"1057",15.25,57.25,"Sweden",4
"1058",15.75,57.25,"Sweden",7
"1059",16.25,57.25,"Sweden",7
"1060",16.75,57.25,"Sweden",7
"1061",17.25,57.25,"Sweden",7
"1062",18.25,57.25,"Sweden",1
"1063",18.75,57.25,"Sweden",4
"1064",11.75,57.75,"Sweden",4
"1065",12.25,57.75,"Sweden",4
"1066",12.75,57.75,"Sweden",7
"1067",13.25,57.75,"Sweden",7
"1068",13.75,57.75,"Sweden",7
"1069",14.25,57.75,"Sweden",7
"1070",14.75,57.75,"Sweden",4
"1071",15.25,57.75,"Sweden",4
"1072",15.75,57.75,"Sweden",4
"1073",16.25,57.75,"Sweden",4
"1074",16.75,57.75,"Sweden",3
"1075",18.25,57.75,"Sweden",7
"1076",18.75,57.75,"Sweden",3
"1077",19.25,57.75,"Sweden",3
"1078",5.75,58.25,"Norway",1
"1079",6.25,58.25,"Norway",1
"1080",6.75,58.25,"Norway",7
"1081",7.25,58.25,"Norway",7
"1082",7.75,58.25,"Norway",1
"1083",8.25,58.25,"Norway",1
"1084",8.75,58.25,"Norway",4
"1085",11.25,58.25,"Sweden",7
"1086",11.75,58.25,"Sweden",4
"1087",12.25,58.25,"Sweden",4
"1088",12.75,58.25,"Sweden",7
"1089",13.25,58.25,"Sweden",7
"1090",13.75,58.25,"Sweden",7
"1091",14.25,58.25,"Sweden",7
"1092",14.75,58.25,"Sweden",4
"1093",15.25,58.25,"Sweden",4
"1094",15.75,58.25,"Sweden",4
"1095",16.25,58.25,"Sweden",4
"1096",16.75,58.25,"Sweden",3
"1097",5.75,58.75,"Norway",1
"1098",6.25,58.75,"Norway",1
"1099",6.75,58.75,"Norway",1
"1100",7.25,58.75,"Norway",1
"1101",7.75,58.75,"Norway",1
"1102",8.25,58.75,"Norway",1
"1103",8.75,58.75,"Norway",1
"1104",9.25,58.75,"Norway",1
"1105",9.75,58.75,"Norway",1
"1106",10.25,58.75,"Norway",1
"1107",11.25,58.75,"Norway",7
"1108",11.75,58.75,"Norway",1
"1109",12.25,58.75,"Sweden",7
"1110",12.75,58.75,"Sweden",4
"1111",13.25,58.75,"Sweden",4
"1112",13.75,58.75,"Sweden",4
"1113",14.25,58.75,"Sweden",4
"1114",14.75,58.75,"Sweden",4
"1115",15.25,58.75,"Sweden",4
"1116",15.75,58.75,"Sweden",4
"1117",16.25,58.75,"Sweden",4
"1118",16.75,58.75,"Sweden",4
"1119",17.25,58.75,"Sweden",4
"1120",17.75,58.75,"Sweden",7
"1121",5.25,59.25,"Norway",1
"1122",5.75,59.25,"Norway",1
"1123",6.25,59.25,"Norway",1
"1124",6.75,59.25,"Norway",1
"1125",7.25,59.25,"Norway",1
"1126",7.75,59.25,"Norway",1
"1127",8.25,59.25,"Norway",1
"1128",8.75,59.25,"Norway",1
"1129",9.25,59.25,"Norway",1
"1130",9.75,59.25,"Norway",1
"1131",10.25,59.25,"Norway",1
"1132",10.75,59.25,"Norway",7
"1133",11.25,59.25,"Norway",7
"1134",11.75,59.25,"Norway",1
"1135",12.25,59.25,"Sweden",7
"1136",12.75,59.25,"Sweden",4
"1137",13.25,59.25,"Sweden",4
"1138",13.75,59.25,"Sweden",4
"1139",14.25,59.25,"Sweden",4
"1140",14.75,59.25,"Sweden",4
"1141",15.25,59.25,"Sweden",4
"1142",15.75,59.25,"Sweden",4
"1143",16.25,59.25,"Sweden",4
"1144",16.75,59.25,"Sweden",4
"1145",17.25,59.25,"Sweden",4
"1146",17.75,59.25,"Sweden",7
"1147",18.25,59.25,"Sweden",7
"1148",18.75,59.25,"Sweden",3
"1149",5.25,59.75,"Norway",1
"1150",5.75,59.75,"Norway",1
"1151",6.25,59.75,"Norway",1
"1152",6.75,59.75,"Norway",7
"1153",7.25,59.75,"Norway",7
"1154",7.75,59.75,"Norway",3
"1155",8.25,59.75,"Norway",3
"1156",8.75,59.75,"Norway",3
"1157",9.25,59.75,"Norway",3
"1158",9.75,59.75,"Norway",7
"1159",10.25,59.75,"Norway",7
"1160",10.75,59.75,"Norway",1
"1161",11.25,59.75,"Norway",1
"1162",11.75,59.75,"Norway",4
"1163",12.25,59.75,"Norway",4
"1164",12.75,59.75,"Sweden",4
"1165",13.25,59.75,"Sweden",4
"1166",13.75,59.75,"Sweden",4
"1167",14.25,59.75,"Sweden",4
"1168",14.75,59.75,"Sweden",4
"1169",15.25,59.75,"Sweden",4
"1170",15.75,59.75,"Sweden",4
"1171",16.25,59.75,"Sweden",4
"1172",16.75,59.75,"Sweden",4
"1173",17.25,59.75,"Sweden",4
"1174",17.75,59.75,"Sweden",7
"1175",18.25,59.75,"Sweden",7
"1176",18.75,59.75,"Sweden",3
"1177",19.25,59.75,"Sweden",3
"1178",20.75,59.75,"Finland",3
"1179",22.25,59.75,"Finland",3
"1180",22.75,59.75,"Finland",3
"1181",23.25,59.75,"Finland",3
"1182",23.75,59.75,"Finland",4
"1183",5.25,60.25,"Norway",1
"1184",5.75,60.25,"Norway",1
"1185",6.25,60.25,"Norway",1
"1186",6.75,60.25,"Norway",7
"1187",7.25,60.25,"Norway",7
"1188",7.75,60.25,"Norway",3
"1189",8.25,60.25,"Norway",3
"1190",8.75,60.25,"Norway",3
"1191",9.25,60.25,"Norway",3
"1192",9.75,60.25,"Norway",7
"1193",10.25,60.25,"Norway",7
"1194",10.75,60.25,"Norway",1
"1195",11.25,60.25,"Norway",1
"1196",11.75,60.25,"Norway",4
"1197",12.25,60.25,"Norway",4
"1198",12.75,60.25,"Norway",4
"1199",13.25,60.25,"Sweden",4
"1200",13.75,60.25,"Sweden",4
"1201",14.25,60.25,"Sweden",4
"1202",14.75,60.25,"Sweden",4
"1203",15.25,60.25,"Sweden",4
"1204",15.75,60.25,"Sweden",4
"1205",16.25,60.25,"Sweden",4
"1206",16.75,60.25,"Sweden",4
"1207",17.25,60.25,"Sweden",4
"1208",17.75,60.25,"Sweden",7
"1209",18.25,60.25,"Sweden",7
"1210",18.75,60.25,"Sweden",3
"1211",19.75,60.25,"Finland",4
"1212",20.25,60.25,"Finland",4
"1213",20.75,60.25,"Finland",3
"1214",21.25,60.25,"Finland",3
"1215",21.75,60.25,"Finland",3
"1216",22.25,60.25,"Finland",3
"1217",22.75,60.25,"Finland",3
"1218",23.25,60.25,"Finland",3
"1219",23.75,60.25,"Finland",4
"1220",24.25,60.25,"Finland",4
"1221",24.75,60.25,"Finland",4
"1222",25.25,60.25,"Finland",4
"1223",25.75,60.25,"Finland",4
"1224",26.25,60.25,"Finland",4
"1225",26.75,60.25,"Finland",4
"1226",27.25,60.25,"Finland",4
"1227",4.75,60.75,"Norway",1
"1228",5.25,60.75,"Norway",1
"1229",5.75,60.75,"Norway",3
"1230",6.25,60.75,"Norway",3
"1231",6.75,60.75,"Norway",1
"1232",7.25,60.75,"Norway",1
"1233",7.75,60.75,"Norway",2
"1234",8.25,60.75,"Norway",2
"1235",8.75,60.75,"Norway",1
"1236",9.25,60.75,"Norway",1
"1237",9.75,60.75,"Norway",1
"1238",10.25,60.75,"Norway",1
"1239",10.75,60.75,"Norway",1
"1240",11.25,60.75,"Norway",1
"1241",11.75,60.75,"Norway",4
"1242",12.25,60.75,"Norway",4
"1243",12.75,60.75,"Norway",1
"1244",13.25,60.75,"Sweden",3
"1245",13.75,60.75,"Sweden",4
"1246",14.25,60.75,"Sweden",4
"1247",14.75,60.75,"Sweden",3
"1248",15.25,60.75,"Sweden",3
"1249",15.75,60.75,"Sweden",4
"1250",16.25,60.75,"Sweden",4
"1251",16.75,60.75,"Sweden",4
"1252",17.25,60.75,"Sweden",4
"1253",17.75,60.75,"Sweden",3
"1254",21.25,60.75,"Finland",4
"1255",21.75,60.75,"Finland",4
"1256",22.25,60.75,"Finland",4
"1257",22.75,60.75,"Finland",4
"1258",23.25,60.75,"Finland",4
"1259",23.75,60.75,"Finland",4
"1260",24.25,60.75,"Finland",4
"1261",24.75,60.75,"Finland",4
"1262",25.25,60.75,"Finland",4
"1263",25.75,60.75,"Finland",4
"1264",26.25,60.75,"Finland",4
"1265",26.75,60.75,"Finland",4
"1266",27.25,60.75,"Finland",4
"1267",27.75,60.75,"Finland",4
"1268",28.25,60.75,"Finland",4
"1269",4.75,61.25,"Norway",1
"1270",5.25,61.25,"Norway",1
"1271",5.75,61.25,"Norway",3
"1272",6.25,61.25,"Norway",3
"1273",6.75,61.25,"Norway",1
"1274",7.25,61.25,"Norway",1
"1275",7.75,61.25,"Norway",2
"1276",8.25,61.25,"Norway",2
"1277",8.75,61.25,"Norway",1
"1278",9.25,61.25,"Norway",1
"1279",9.75,61.25,"Norway",1
"1280",10.25,61.25,"Norway",1
"1281",10.75,61.25,"Norway",1
"1282",11.25,61.25,"Norway",1
"1283",11.75,61.25,"Norway",4
"1284",12.25,61.25,"Norway",4
"1285",12.75,61.25,"Norway",1
"1286",13.25,61.25,"Sweden",3
"1287",13.75,61.25,"Sweden",4
"1288",14.25,61.25,"Sweden",4
"1289",14.75,61.25,"Sweden",3
"1290",15.25,61.25,"Sweden",3
"1291",15.75,61.25,"Sweden",4
"1292",16.25,61.25,"Sweden",4
"1293",16.75,61.25,"Sweden",4
"1294",17.25,61.25,"Sweden",4
"1295",21.25,61.25,"Finland",4
"1296",21.75,61.25,"Finland",4
"1297",22.25,61.25,"Finland",4
"1298",22.75,61.25,"Finland",4
"1299",23.25,61.25,"Finland",4
"1300",23.75,61.25,"Finland",4
"1301",24.25,61.25,"Finland",4
"1302",24.75,61.25,"Finland",4
"1303",25.25,61.25,"Finland",4
"1304",25.75,61.25,"Finland",4
"1305",26.25,61.25,"Finland",4
"1306",26.75,61.25,"Finland",4
"1307",27.25,61.25,"Finland",4
"1308",27.75,61.25,"Finland",4
"1309",28.25,61.25,"Finland",4
"1310",28.75,61.25,"Finland",4
"1311",29.25,61.25,"Finland",4
"1312",4.75,61.75,"Norway",1
"1313",5.25,61.75,"Norway",1
"1314",5.75,61.75,"Norway",1
"1315",6.25,61.75,"Norway",1
"1316",6.75,61.75,"Norway",3
"1317",7.25,61.75,"Norway",3
"1318",7.75,61.75,"Norway",3
"1319",8.25,61.75,"Norway",3
"1320",8.75,61.75,"Norway",3
"1321",9.25,61.75,"Norway",3
"1322",9.75,61.75,"Norway",1
"1323",10.25,61.75,"Norway",1
"1324",10.75,61.75,"Norway",1
"1325",11.25,61.75,"Norway",1
"1326",11.75,61.75,"Norway",1
"1327",12.25,61.75,"Norway",1
"1328",12.75,61.75,"Norway",1
"1329",13.25,61.75,"Sweden",3
"1330",13.75,61.75,"Sweden",3
"1331",14.25,61.75,"Sweden",3
"1332",14.75,61.75,"Sweden",3
"1333",15.25,61.75,"Sweden",3
"1334",15.75,61.75,"Sweden",4
"1335",16.25,61.75,"Sweden",4
"1336",16.75,61.75,"Sweden",7
"1337",17.25,61.75,"Sweden",7
"1338",21.25,61.75,"Finland",3
"1339",21.75,61.75,"Finland",4
"1340",22.25,61.75,"Finland",4
"1341",22.75,61.75,"Finland",4
"1342",23.25,61.75,"Finland",4
"1343",23.75,61.75,"Finland",4
"1344",24.25,61.75,"Finland",4
"1345",24.75,61.75,"Finland",4
"1346",25.25,61.75,"Finland",4
"1347",25.75,61.75,"Finland",4
"1348",26.25,61.75,"Finland",4
"1349",26.75,61.75,"Finland",4
"1350",27.25,61.75,"Finland",4
"1351",27.75,61.75,"Finland",4
"1352",28.25,61.75,"Finland",4
"1353",28.75,61.75,"Finland",4
"1354",29.25,61.75,"Finland",4
"1355",29.75,61.75,"Finland",4
"1356",30.25,61.75,"Finland",4
"1357",5.75,62.25,"Norway",1
"1358",6.25,62.25,"Norway",1
"1359",6.75,62.25,"Norway",3
"1360",7.25,62.25,"Norway",3
"1361",7.75,62.25,"Norway",3
"1362",8.25,62.25,"Norway",3
"1363",8.75,62.25,"Norway",3
"1364",9.25,62.25,"Norway",3
"1365",9.75,62.25,"Norway",1
"1366",10.25,62.25,"Norway",1
"1367",10.75,62.25,"Norway",1
"1368",11.25,62.25,"Norway",1
"1369",11.75,62.25,"Norway",1
"1370",12.25,62.25,"Norway",1
"1371",12.75,62.25,"Sweden",3
"1372",13.25,62.25,"Sweden",3
"1373",13.75,62.25,"Sweden",3
"1374",14.25,62.25,"Sweden",3
"1375",14.75,62.25,"Sweden",3
"1376",15.25,62.25,"Sweden",3
"1377",15.75,62.25,"Sweden",4
"1378",16.25,62.25,"Sweden",4
"1379",16.75,62.25,"Sweden",7
"1380",17.25,62.25,"Sweden",7
"1381",17.75,62.25,"Sweden",3
"1382",21.25,62.25,"Finland",3
"1383",21.75,62.25,"Finland",4
"1384",22.25,62.25,"Finland",4
"1385",22.75,62.25,"Finland",4
"1386",23.25,62.25,"Finland",4
"1387",23.75,62.25,"Finland",4
"1388",24.25,62.25,"Finland",4
"1389",24.75,62.25,"Finland",4
"1390",25.25,62.25,"Finland",4
"1391",25.75,62.25,"Finland",4
"1392",26.25,62.25,"Finland",4
"1393",26.75,62.25,"Finland",4
"1394",27.25,62.25,"Finland",4
"1395",27.75,62.25,"Finland",4
"1396",28.25,62.25,"Finland",4
"1397",28.75,62.25,"Finland",4
"1398",29.25,62.25,"Finland",4
"1399",29.75,62.25,"Finland",4
"1400",30.25,62.25,"Finland",4
"1401",30.75,62.25,"Finland",3
"1402",6.25,62.75,"Norway",1
"1403",6.75,62.75,"Norway",1
"1404",7.25,62.75,"Norway",1
"1405",7.75,62.75,"Norway",3
"1406",8.25,62.75,"Norway",3
"1407",8.75,62.75,"Norway",3
"1408",9.25,62.75,"Norway",3
"1409",9.75,62.75,"Norway",1
"1410",10.25,62.75,"Norway",1
"1411",10.75,62.75,"Norway",3
"1412",11.25,62.75,"Norway",3
"1413",11.75,62.75,"Norway",1
"1414",12.25,62.75,"Norway",1
"1415",12.75,62.75,"Sweden",1
"1416",13.25,62.75,"Sweden",1
"1417",13.75,62.75,"Sweden",4
"1418",14.25,62.75,"Sweden",4
"1419",14.75,62.75,"Sweden",3
"1420",15.25,62.75,"Sweden",3
"1421",15.75,62.75,"Sweden",3
"1422",16.25,62.75,"Sweden",3
"1423",16.75,62.75,"Sweden",3
"1424",17.25,62.75,"Sweden",3
"1425",17.75,62.75,"Sweden",3
"1426",18.25,62.75,"Sweden",3
"1427",21.25,62.75,"Finland",4
"1428",21.75,62.75,"Finland",4
"1429",22.25,62.75,"Finland",4
"1430",22.75,62.75,"Finland",4
"1431",23.25,62.75,"Finland",4
"1432",23.75,62.75,"Finland",4
"1433",24.25,62.75,"Finland",4
"1434",24.75,62.75,"Finland",4
"1435",25.25,62.75,"Finland",4
"1436",25.75,62.75,"Finland",4
"1437",26.25,62.75,"Finland",4
"1438",26.75,62.75,"Finland",4
"1439",27.25,62.75,"Finland",4
"1440",27.75,62.75,"Finland",4
"1441",28.25,62.75,"Finland",4
"1442",28.75,62.75,"Finland",4
"1443",29.25,62.75,"Finland",4
"1444",29.75,62.75,"Finland",4
"1445",30.25,62.75,"Finland",4
"1446",30.75,62.75,"Finland",4
"1447",31.25,62.75,"Finland",4
"1448",7.75,63.25,"Norway",3
"1449",8.25,63.25,"Norway",3
"1450",8.75,63.25,"Norway",3
"1451",9.25,63.25,"Norway",3
"1452",9.75,63.25,"Norway",1
"1453",10.25,63.25,"Norway",1
"1454",10.75,63.25,"Norway",3
"1455",11.25,63.25,"Norway",3
"1456",11.75,63.25,"Norway",1
"1457",12.25,63.25,"Norway",1
"1458",12.75,63.25,"Sweden",1
"1459",13.25,63.25,"Sweden",1
"1460",13.75,63.25,"Sweden",4
"1461",14.25,63.25,"Sweden",4
"1462",14.75,63.25,"Sweden",3
"1463",15.25,63.25,"Sweden",3
"1464",15.75,63.25,"Sweden",3
"1465",16.25,63.25,"Sweden",3
"1466",16.75,63.25,"Sweden",3
"1467",17.25,63.25,"Sweden",3
"1468",17.75,63.25,"Sweden",3
"1469",18.25,63.25,"Sweden",3
"1470",18.75,63.25,"Sweden",4
"1471",19.25,63.25,"Sweden",4
"1472",19.75,63.25,"Sweden",3
"1473",21.25,63.25,"Finland",4
"1474",21.75,63.25,"Finland",4
"1475",22.25,63.25,"Finland",4
"1476",22.75,63.25,"Finland",4
"1477",23.25,63.25,"Finland",4
"1478",23.75,63.25,"Finland",4
"1479",24.25,63.25,"Finland",4
"1480",24.75,63.25,"Finland",4
"1481",25.25,63.25,"Finland",4
"1482",25.75,63.25,"Finland",4
"1483",26.25,63.25,"Finland",4
"1484",26.75,63.25,"Finland",4
"1485",27.25,63.25,"Finland",4
"1486",27.75,63.25,"Finland",4
"1487",28.25,63.25,"Finland",4
"1488",28.75,63.25,"Finland",4
"1489",29.25,63.25,"Finland",4
"1490",29.75,63.25,"Finland",4
"1491",30.25,63.25,"Finland",4
"1492",30.75,63.25,"Finland",4
"1493",31.25,63.25,"Finland",4
"1494",8.75,63.75,"Norway",2
"1495",9.25,63.75,"Norway",2
"1496",9.75,63.75,"Norway",7
"1497",10.25,63.75,"Norway",7
"1498",10.75,63.75,"Norway",3
"1499",11.25,63.75,"Norway",3
"1500",11.75,63.75,"Norway",3
"1501",12.25,63.75,"Norway",3
"1502",12.75,63.75,"Norway",2
"1503",13.25,63.75,"Sweden",3
"1504",13.75,63.75,"Sweden",3
"1505",14.25,63.75,"Sweden",3
"1506",14.75,63.75,"Sweden",3
"1507",15.25,63.75,"Sweden",3
"1508",15.75,63.75,"Sweden",3
"1509",16.25,63.75,"Sweden",3
"1510",16.75,63.75,"Sweden",3
"1511",17.25,63.75,"Sweden",3
"1512",17.75,63.75,"Sweden",3
"1513",18.25,63.75,"Sweden",3
"1514",18.75,63.75,"Sweden",4
"1515",19.25,63.75,"Sweden",4
"1516",19.75,63.75,"Sweden",3
"1517",20.25,63.75,"Sweden",3
"1518",20.75,63.75,"Sweden",3
"1519",22.25,63.75,"Finland",4
"1520",22.75,63.75,"Finland",4
"1521",23.25,63.75,"Finland",4
"1522",23.75,63.75,"Finland",3
"1523",24.25,63.75,"Finland",3
"1524",24.75,63.75,"Finland",4
"1525",25.25,63.75,"Finland",4
"1526",25.75,63.75,"Finland",4
"1527",26.25,63.75,"Finland",4
"1528",26.75,63.75,"Finland",4
"1529",27.25,63.75,"Finland",4
"1530",27.75,63.75,"Finland",4
"1531",28.25,63.75,"Finland",4
"1532",28.75,63.75,"Finland",4
"1533",29.25,63.75,"Finland",4
"1534",29.75,63.75,"Finland",4
"1535",30.25,63.75,"Finland",4
"1536",10.25,64.25,"Norway",7
"1537",10.75,64.25,"Norway",3
"1538",11.25,64.25,"Norway",3
"1539",11.75,64.25,"Norway",3
"1540",12.25,64.25,"Norway",3
"1541",12.75,64.25,"Norway",2
"1542",13.25,64.25,"Norway",2
"1543",13.75,64.25,"Norway",1
"1544",14.25,64.25,"Norway",1
"1545",14.75,64.25,"Sweden",3
"1546",15.25,64.25,"Sweden",3
"1547",15.75,64.25,"Sweden",3
"1548",16.25,64.25,"Sweden",3
"1549",16.75,64.25,"Sweden",3
"1550",17.25,64.25,"Sweden",3
"1551",17.75,64.25,"Sweden",3
"1552",18.25,64.25,"Sweden",3
"1553",18.75,64.25,"Sweden",4
"1554",19.25,64.25,"Sweden",4
"1555",19.75,64.25,"Sweden",3
"1556",20.25,64.25,"Sweden",3
"1557",20.75,64.25,"Sweden",3
"1558",21.25,64.25,"Sweden",3
"1559",23.75,64.25,"Finland",3
"1560",24.25,64.25,"Finland",3
"1561",24.75,64.25,"Finland",4
"1562",25.25,64.25,"Finland",4
"1563",25.75,64.25,"Finland",4
"1564",26.25,64.25,"Finland",4
"1565",26.75,64.25,"Finland",4
"1566",27.25,64.25,"Finland",4
"1567",27.75,64.25,"Finland",4
"1568",28.25,64.25,"Finland",4
"1569",28.75,64.25,"Finland",4
"1570",29.25,64.25,"Finland",4
"1571",29.75,64.25,"Finland",4
"1572",30.25,64.25,"Finland",4
"1573",10.75,64.75,"Norway",4
"1574",11.25,64.75,"Norway",4
"1575",11.75,64.75,"Norway",3
"1576",12.25,64.75,"Norway",3
"1577",12.75,64.75,"Norway",1
"1578",13.25,64.75,"Norway",1
"1579",13.75,64.75,"Norway",3
"1580",14.25,64.75,"Norway",3
"1581",14.75,64.75,"Sweden",3
"1582",15.25,64.75,"Sweden",3
"1583",15.75,64.75,"Sweden",1
"1584",16.25,64.75,"Sweden",1
"1585",16.75,64.75,"Sweden",3
"1586",17.25,64.75,"Sweden",3
"1587",17.75,64.75,"Sweden",3
"1588",18.25,64.75,"Sweden",3
"1589",18.75,64.75,"Sweden",3
"1590",19.25,64.75,"Sweden",3
"1591",19.75,64.75,"Sweden",4
"1592",20.25,64.75,"Sweden",4
"1593",20.75,64.75,"Sweden",3
"1594",21.25,64.75,"Sweden",3
"1595",24.25,64.75,"Finland",4
"1596",24.75,64.75,"Finland",4
"1597",25.25,64.75,"Finland",4
"1598",25.75,64.75,"Finland",4
"1599",26.25,64.75,"Finland",4
"1600",26.75,64.75,"Finland",3
"1601",27.25,64.75,"Finland",3
"1602",27.75,64.75,"Finland",3
"1603",28.25,64.75,"Finland",3
"1604",28.75,64.75,"Finland",3
"1605",29.25,64.75,"Finland",3
"1606",29.75,64.75,"Finland",4
"1607",30.25,64.75,"Finland",4
"1608",11.75,65.25,"Norway",3
"1609",12.25,65.25,"Norway",3
"1610",12.75,65.25,"Norway",1
"1611",13.25,65.25,"Norway",1
"1612",13.75,65.25,"Norway",3
"1613",14.25,65.25,"Norway",3
"1614",14.75,65.25,"Sweden",3
"1615",15.25,65.25,"Sweden",3
"1616",15.75,65.25,"Sweden",1
"1617",16.25,65.25,"Sweden",1
"1618",16.75,65.25,"Sweden",3
"1619",17.25,65.25,"Sweden",3
"1620",17.75,65.25,"Sweden",3
"1621",18.25,65.25,"Sweden",3
"1622",18.75,65.25,"Sweden",3
"1623",19.25,65.25,"Sweden",3
"1624",19.75,65.25,"Sweden",4
"1625",20.25,65.25,"Sweden",4
"1626",20.75,65.25,"Sweden",3
"1627",21.25,65.25,"Sweden",3
"1628",21.75,65.25,"Sweden",4
"1629",24.75,65.25,"Finland",4
"1630",25.25,65.25,"Finland",4
"1631",25.75,65.25,"Finland",4
"1632",26.25,65.25,"Finland",4
"1633",26.75,65.25,"Finland",3
"1634",27.25,65.25,"Finland",3
"1635",27.75,65.25,"Finland",3
"1636",28.25,65.25,"Finland",3
"1637",28.75,65.25,"Finland",3
"1638",29.25,65.25,"Finland",3
"1639",29.75,65.25,"Finland",4
"1640",11.75,65.75,"Norway",1
"1641",12.25,65.75,"Norway",1
"1642",12.75,65.75,"Norway",1
"1643",13.25,65.75,"Norway",1
"1644",13.75,65.75,"Norway",3
"1645",14.25,65.75,"Norway",3
"1646",15.25,65.75,"Sweden",2
"1647",16.25,65.75,"Sweden",2
"1648",16.75,65.75,"Sweden",2
"1649",17.25,65.75,"Sweden",2
"1650",17.75,65.75,"Sweden",2
"1651",18.25,65.75,"Sweden",2
"1652",18.75,65.75,"Sweden",3
"1653",19.25,65.75,"Sweden",3
"1654",19.75,65.75,"Sweden",3
"1655",20.25,65.75,"Sweden",3
"1656",20.75,65.75,"Sweden",3
"1657",21.25,65.75,"Sweden",3
"1658",21.75,65.75,"Sweden",4
"1659",22.25,65.75,"Sweden",4
"1660",22.75,65.75,"Sweden",3
"1661",23.25,65.75,"Sweden",3
"1662",23.75,65.75,"Sweden",3
"1663",24.25,65.75,"Finland",4
"1664",24.75,65.75,"Finland",3
"1665",25.25,65.75,"Finland",3
"1666",25.75,65.75,"Finland",3
"1667",26.25,65.75,"Finland",3
"1668",26.75,65.75,"Finland",3
"1669",27.25,65.75,"Finland",3
"1670",27.75,65.75,"Finland",3
"1671",28.25,65.75,"Finland",3
"1672",28.75,65.75,"Finland",3
"1673",29.25,65.75,"Finland",3
"1674",29.75,65.75,"Finland",3
"1675",12.25,66.25,"Norway",1
"1676",12.75,66.25,"Norway",1
"1677",13.25,66.25,"Norway",1
"1678",13.75,66.25,"Norway",3
"1679",14.25,66.25,"Norway",3
"1680",14.75,66.25,"Norway",2
"1681",15.25,66.25,"Norway",2
"1682",16.75,66.25,"Sweden",2
"1683",17.25,66.25,"Sweden",2
"1684",17.75,66.25,"Sweden",2
"1685",18.25,66.25,"Sweden",2
"1686",18.75,66.25,"Sweden",3
"1687",19.25,66.25,"Sweden",3
"1688",19.75,66.25,"Sweden",3
"1689",20.25,66.25,"Sweden",3
"1690",20.75,66.25,"Sweden",3
"1691",21.25,66.25,"Sweden",3
"1692",21.75,66.25,"Sweden",4
"1693",22.25,66.25,"Sweden",4
"1694",22.75,66.25,"Sweden",3
"1695",23.25,66.25,"Sweden",3
"1696",23.75,66.25,"Finland",4
"1697",24.25,66.25,"Finland",4
"1698",24.75,66.25,"Finland",3
"1699",25.25,66.25,"Finland",3
"1700",25.75,66.25,"Finland",3
"1701",26.25,66.25,"Finland",3
"1702",26.75,66.25,"Finland",3
"1703",27.25,66.25,"Finland",3
"1704",27.75,66.25,"Finland",3
"1705",28.25,66.25,"Finland",3
"1706",28.75,66.25,"Finland",3
"1707",29.25,66.25,"Finland",3
"1708",29.75,66.25,"Finland",3
"1709",13.25,66.75,"Norway",3
"1710",13.75,66.75,"Norway",2
"1711",14.25,66.75,"Norway",2
"1712",14.75,66.75,"Norway",3
"1713",15.25,66.75,"Norway",3
"1714",15.75,66.75,"Norway",3
"1715",16.25,66.75,"Sweden",2
"1716",17.25,66.75,"Sweden",2
"1717",17.75,66.75,"Sweden",2
"1718",18.25,66.75,"Sweden",2
"1719",18.75,66.75,"Sweden",3
"1720",19.25,66.75,"Sweden",3
"1721",19.75,66.75,"Sweden",1
"1722",20.25,66.75,"Sweden",1
"1723",20.75,66.75,"Sweden",3
"1724",21.25,66.75,"Sweden",3
"1725",21.75,66.75,"Sweden",3
"1726",22.25,66.75,"Sweden",3
"1727",22.75,66.75,"Sweden",3
"1728",23.25,66.75,"Sweden",3
"1729",23.75,66.75,"Sweden",2
"1730",24.25,66.75,"Finland",4
"1731",24.75,66.75,"Finland",3
"1732",25.25,66.75,"Finland",3
"1733",25.75,66.75,"Finland",3
"1734",26.25,66.75,"Finland",3
"1735",26.75,66.75,"Finland",3
"1736",27.25,66.75,"Finland",3
"1737",27.75,66.75,"Finland",3
"1738",28.25,66.75,"Finland",3
"1739",28.75,66.75,"Finland",3
"1740",29.25,66.75,"Finland",3
"1741",13.75,67.25,"Norway",2
"1742",14.25,67.25,"Norway",2
"1743",14.75,67.25,"Norway",3
"1744",15.25,67.25,"Norway",3
"1745",15.75,67.25,"Norway",3
"1746",16.25,67.25,"Norway",3
"1747",17.75,67.25,"Sweden",2
"1748",18.25,67.25,"Sweden",2
"1749",18.75,67.25,"Sweden",3
"1750",19.25,67.25,"Sweden",3
"1751",19.75,67.25,"Sweden",1
"1752",20.25,67.25,"Sweden",1
"1753",20.75,67.25,"Sweden",3
"1754",21.25,67.25,"Sweden",3
"1755",21.75,67.25,"Sweden",3
"1756",22.25,67.25,"Sweden",3
"1757",22.75,67.25,"Sweden",3
"1758",23.25,67.25,"Sweden",3
"1759",23.75,67.25,"Finland",4
"1760",24.25,67.25,"Finland",4
"1761",24.75,67.25,"Finland",3
"1762",25.25,67.25,"Finland",3
"1763",25.75,67.25,"Finland",3
"1764",26.25,67.25,"Finland",3
"1765",26.75,67.25,"Finland",3
"1766",27.25,67.25,"Finland",3
"1767",27.75,67.25,"Finland",3
"1768",28.25,67.25,"Finland",3
"1769",28.75,67.25,"Finland",3
"1770",29.25,67.25,"Finland",3
"1771",29.75,67.25,"Finland",3
"1772",14.75,67.75,"Norway",7
"1773",15.25,67.75,"Norway",7
"1774",15.75,67.75,"Norway",3
"1775",16.25,67.75,"Norway",3
"1776",16.75,67.75,"Norway",3
"1777",19.25,67.75,"Sweden",2
"1778",19.75,67.75,"Sweden",2
"1779",20.25,67.75,"Sweden",2
"1780",20.75,67.75,"Sweden",2
"1781",21.25,67.75,"Sweden",2
"1782",21.75,67.75,"Sweden",3
"1783",22.25,67.75,"Sweden",3
"1784",22.75,67.75,"Sweden",3
"1785",23.25,67.75,"Sweden",3
"1786",23.75,67.75,"Finland",4
"1787",24.25,67.75,"Finland",4
"1788",24.75,67.75,"Finland",3
"1789",25.25,67.75,"Finland",3
"1790",25.75,67.75,"Finland",3
"1791",26.25,67.75,"Finland",3
"1792",26.75,67.75,"Finland",3
"1793",27.25,67.75,"Finland",3
"1794",27.75,67.75,"Finland",3
"1795",28.25,67.75,"Finland",3
"1796",28.75,67.75,"Finland",3
"1797",29.25,67.75,"Finland",3
"1798",29.75,67.75,"Finland",3
"1799",13.75,68.25,"Norway",3
"1800",14.25,68.25,"Norway",3
"1801",14.75,68.25,"Norway",7
"1802",15.25,68.25,"Norway",7
"1803",15.75,68.25,"Norway",3
"1804",16.25,68.25,"Norway",3
"1805",16.75,68.25,"Norway",3
"1806",17.25,68.25,"Norway",3
"1807",17.75,68.25,"Norway",3
"1808",19.75,68.25,"Norway",2
"1809",20.25,68.25,"Sweden",2
"1810",21.25,68.25,"Sweden",2
"1811",21.75,68.25,"Sweden",3
"1812",22.25,68.25,"Sweden",3
"1813",22.75,68.25,"Sweden",3
"1814",23.25,68.25,"Finland",4
"1815",23.75,68.25,"Finland",4
"1816",24.25,68.25,"Finland",4
"1817",24.75,68.25,"Finland",3
"1818",25.25,68.25,"Finland",3
"1819",25.75,68.25,"Finland",3
"1820",26.25,68.25,"Finland",3
"1821",26.75,68.25,"Finland",3
"1822",27.25,68.25,"Finland",3
"1823",27.75,68.25,"Finland",3
"1824",28.25,68.25,"Finland",3
"1825",28.75,68.25,"Finland",3
"1826",29.25,68.25,"Finland",3
"1827",14.25,68.75,"Norway",3
"1828",14.75,68.75,"Norway",3
"1829",15.25,68.75,"Norway",3
"1830",15.75,68.75,"Norway",3
"1831",16.25,68.75,"Norway",3
"1832",16.75,68.75,"Norway",3
"1833",17.25,68.75,"Norway",3
"1834",17.75,68.75,"Norway",3
"1835",18.25,68.75,"Norway",3
"1836",18.75,68.75,"Norway",3
"1837",19.25,68.75,"Norway",3
"1838",19.75,68.75,"Norway",2
"1839",22.25,68.75,"Norway",2
"1840",22.75,68.75,"Norway",2
"1841",23.25,68.75,"Norway",2
"1842",24.75,68.75,"Norway",2
"1843",25.25,68.75,"Norway",2
"1844",25.75,68.75,"Norway",2
"1845",15.75,69.25,"Norway",3
"1846",16.25,69.25,"Norway",3
"1847",16.75,69.25,"Norway",3
"1848",17.25,69.25,"Norway",3
"1849",17.75,69.25,"Norway",3
"1850",18.25,69.25,"Norway",3
"1851",18.75,69.25,"Norway",3
"1852",19.25,69.25,"Norway",3
"1853",19.75,69.25,"Norway",2
"1854",20.25,69.25,"Norway",2
"1855",20.75,69.25,"Norway",2
"1856",21.25,69.25,"Norway",2
"1857",21.75,69.25,"Norway",2
"1858",22.25,69.25,"Norway",2
"1859",23.25,69.25,"Norway",2
"1860",23.75,69.25,"Norway",2
"1861",24.25,69.25,"Norway",2
"1862",24.75,69.25,"Norway",2
"1863",25.25,69.25,"Norway",2
"1864",25.75,69.25,"Norway",2
"1865",28.75,69.25,"Norway",2
"1866",29.25,69.25,"Norway",2
"1867",29.75,69.25,"Norway",2
"1868",30.25,69.25,"Norway",2
"1869",17.75,69.75,"Norway",2
"1870",18.25,69.75,"Norway",2
"1871",18.75,69.75,"Norway",2
"1872",19.25,69.75,"Norway",2
"1873",19.75,69.75,"Norway",2
"1874",20.25,69.75,"Norway",2
"1875",20.75,69.75,"Norway",3
"1876",21.25,69.75,"Norway",3
"1877",21.75,69.75,"Norway",2
"1878",22.25,69.75,"Norway",2
"1879",22.75,69.75,"Norway",2
"1880",23.25,69.75,"Norway",2
"1881",23.75,69.75,"Norway",2
"1882",24.75,69.75,"Norway",2
"1883",25.25,69.75,"Norway",2
"1884",25.75,69.75,"Norway",2
"1885",26.25,69.75,"Norway",2
"1886",29.25,69.75,"Norway",2
"1887",29.75,69.75,"Norway",2
"1888",30.25,69.75,"Norway",2
"1889",30.75,69.75,"Norway",2
"1890",18.75,70.25,"Norway",2
"1891",19.25,70.25,"Norway",2
"1892",19.75,70.25,"Norway",2
"1893",20.75,70.25,"Norway",3
"1894",21.25,70.25,"Norway",3
"1895",21.75,70.25,"Norway",2
"1896",22.25,70.25,"Norway",2
"1897",22.75,70.25,"Norway",2
"1898",23.25,70.25,"Norway",2
"1899",24.25,70.25,"Norway",2
"1900",24.75,70.25,"Norway",2
"1901",25.75,70.25,"Norway",2
"1902",26.25,70.25,"Norway",2
"1903",26.75,70.25,"Norway",2
"1904",27.25,70.25,"Norway",2
"1905",27.75,70.25,"Norway",2
"1906",28.25,70.25,"Norway",2
"1907",28.75,70.25,"Norway",2
"1908",25.75,70.75,"Norway",2
"1909",27.25,70.75,"Norway",2
"1910",29.75,70.75,"Norway",2
